{
  "fisheye": true,
  "image_size": [
    2048,
    2448
  ],
  "camera_matrix": [
    [
      517.6187925739141,
      0.0,
      1030.54240747282
    ],
    [
      0.0,
      517.2857502990631,
      1232.987344324268
    ],
    [
      0.0,
      0.0,
      1.0
    ]
  ],
  "distortion_coefficients": [
    0.018263646568991203,
    -0.006923456640322357,
    0.002030731311050762,
    -0.0006339322561648116
  ],
  "board_dim": [
    10,
    7
  ]
}