{
  "fisheye": false,
  "image_size": [
    1920,
    1080
  ],
  "camera_matrix": [
    [
      1675.8093848875155,
      0.0,
      955.4029126140448
    ],
    [
      0.0,
      1671.280882130226,
      504.8635305010386
    ],
    [
      0.0,
      0.0,
      1.0
    ]
  ],
  "distortion_coefficients": [
    0.178711431157721,
    -0.5792949820952562,
    -0.008209503094999356,
    -0.0011955736555775863,
    0.0
  ],
  "board_dim": [
    10,
    7
  ]
}