{
  "fisheye": false,
  "image_size": [
    1920,
    1080
  ],
  "camera_matrix": [
    [
      1675.8093848875155,
      0.0,
      955.4029126140448
    ],
    [
      0.0,
      1671.280882130226,
      504.8635305010386
    ],
    [
      0.0,
      0.0,
      1.0
    ]
  ],
  "distortion_coefficients": [
    0.178711431157721,
    -0.5792949820952562,
    -0.008209503094999356,
    -0.0011955736555775863,
    0.0
  ],
  "board_dim": [
    10,
    7
  ],
  "used_images": [
    "/images/image_1707256768.7759597.png",
    "/images/image_1707256770.0176175.png",
    "/images/image_1707256770.526895.png",
    "/images/image_1707256772.7943995.png",
    "/images/image_1707256773.861918.png",
    "/images/image_1707256773.9643471.png",
    "/images/image_1707256774.1144989.png",
    "/images/image_1707256774.5121298.png",
    "/images/image_1707256774.9028625.png",
    "/images/image_1707256776.18243.png",
    "/images/image_1707256776.6518493.png",
    "/images/image_1707256776.7038047.png",
    "/images/image_1707256777.3243372.png",
    "/images/image_1707256777.5366368.png",
    "/images/image_1707256777.6963663.png",
    "/images/image_1707256777.749548.png",
    "/images/image_1707256778.12823.png",
    "/images/image_1707256781.763647.png",
    "/images/image_1707256782.887629.png",
    "/images/image_1707256783.505415.png",
    "/images/image_1707256784.6531956.png",
    "/images/image_1707256785.652893.png",
    "/images/image_1707256785.9658444.png",
    "/images/image_1707256787.878961.png",
    "/images/image_1707256788.4267683.png",
    "/images/image_1707256788.8922622.png",
    "/images/image_1707256789.3622174.png",
    "/images/image_1707256789.9089255.png",
    "/images/image_1707256790.2973914.png",
    "/images/image_1707256791.078652.png",
    "/images/image_1707256791.2947257.png",
    "/images/image_1707256791.5654907.png",
    "/images/image_1707256791.9886327.png",
    "/images/image_1707256792.3622468.png",
    "/images/image_1707256792.9789834.png",
    "/images/image_1707256793.9761286.png",
    "/images/image_1707256794.8451004.png",
    "/images/image_1707256795.7077768.png",
    "/images/image_1707256795.9978654.png",
    "/images/image_1707256797.032833.png",
    "/images/image_1707256797.5546832.png",
    "/images/image_1707256798.4576297.png",
    "/images/image_1707256799.0261118.png"
  ],
  "rvecs": [
    [
      -0.17097004635979524,
      -0.16295876588813582,
      3.0971615285113128
    ],
    [
      -0.9713555909246329,
      -0.20040916678773005,
      2.9542351459660834
    ],
    [
      -1.0769052355689457,
      -0.20245338073970107,
      2.8895167889314073
    ],
    [
      0.24196745263637148,
      -0.2815436351342302,
      3.088476498854978
    ],
    [
      0.8271189985252565,
      -0.23303244196739148,
      2.9998172029723906
    ],
    [
      0.8699408794494823,
      -0.22499730129434886,
      2.99328689211892
    ],
    [
      0.9294965514250613,
      -0.20060806367327585,
      2.9868272605424626
    ],
    [
      -0.9568796268014613,
      0.15378653446049695,
      -2.9792502909770007
    ],
    [
      -0.6874565276063902,
      0.08521703908038897,
      -3.0515423525062175
    ],
    [
      -0.1384027887580439,
      -0.3990478582397096,
      3.0417169149921954
    ],
    [
      -0.1620034103334795,
      -0.8620018524460099,
      2.94376842453675
    ],
    [
      -0.1652454330788293,
      -0.909791881368825,
      2.926549409147828
    ],
    [
      -0.14090388786033994,
      -1.2130654749993577,
      2.816793801324333
    ],
    [
      -0.13450042508500096,
      -1.2888083732939057,
      2.7905898798367996
    ],
    [
      -0.12852798965887763,
      -1.3295562094470321,
      2.7770865972131578
    ],
    [
      -0.12708977803114513,
      -1.3457344007005934,
      2.7701798166393043
    ],
    [
      -0.12366325583260493,
      -1.3567877545869242,
      2.7658321481760146
    ],
    [
      -0.022809499030374065,
      1.1721957204788664,
      2.87962897992284
    ],
    [
      -0.042443992205379324,
      1.210465315982319,
      2.875708410859873
    ],
    [
      0.06846673388700743,
      -0.35222823126838154,
      -2.9241346851414565
    ],
    [
      -0.16117317558440553,
      0.329323915402268,
      -2.33001008519551
    ],
    [
      -0.6470128099464006,
      0.5832138576964948,
      -2.063409181497269
    ],
    [
      -0.7013018988254358,
      0.4381265210668499,
      -2.1201800039233474
    ],
    [
      0.026406238708279975,
      -1.01720152724863,
      -2.809537938732065
    ],
    [
      -0.2675515136623488,
      0.9927463804788568,
      2.882672856301682
    ],
    [
      -0.4658313549387137,
      0.7838603209079222,
      2.725178323432567
    ],
    [
      -0.6457587934453656,
      0.5228882164947387,
      2.626303027102162
    ],
    [
      -0.8563855754681036,
      0.14281832405588274,
      2.5781266811858097
    ],
    [
      -0.9483467078933616,
      -0.0839032517575282,
      2.5671955894994922
    ],
    [
      -1.0988166001742543,
      -0.6704811839562026,
      2.5216242165017584
    ],
    [
      -1.1016158346222287,
      -0.8318127574178963,
      2.5101526203180757
    ],
    [
      -1.033205188748179,
      -1.0333090312022992,
      2.5168110222243367
    ],
    [
      -0.8248768833420824,
      -1.274227135915919,
      2.5490949299720262
    ],
    [
      -0.5927204393179855,
      -1.3924073418889695,
      2.5936383686711997
    ],
    [
      -0.12481863640600557,
      -1.5157642666845719,
      2.6595478919345275
    ],
    [
      -0.6167059524674159,
      1.315022826679482,
      -2.7514708555945204
    ],
    [
      -0.9112644932769276,
      0.5632438462501009,
      -2.7438481115758995
    ],
    [
      -0.71462793716053,
      -0.13775061022504337,
      -2.853406790282476
    ],
    [
      -0.5249655839237666,
      -0.40283712764861607,
      -2.932803778972342
    ],
    [
      -0.01715927753021537,
      1.1164224506555191,
      2.8478492948343272
    ],
    [
      -0.25837999396269246,
      1.115319788063994,
      2.719127467182621
    ],
    [
      -0.7342667238825148,
      0.6424724281718964,
      2.6029928480247446
    ],
    [
      -1.1142715863445765,
      0.09935520839685719,
      2.6354529788442633
    ]
  ],