{
  "fisheye": true,
  "image_size": [
    2048,
    2448
  ],
  "camera_matrix": [
    [
      517.6187925739141,
      0.0,
      1030.54240747282
    ],
    [
      0.0,
      517.2857502990631,
      1232.987344324268
    ],
    [
      0.0,
      0.0,
      1.0
    ]
  ],
  "distortion_coefficients": [
    0.018263646568991203,
    -0.006923456640322357,
    0.002030731311050762,
    -0.0006339322561648116
  ],
  "board_dim": [
    10,
    7
  ],
  "used_images": [
    "/home/gilbertogonzalez/blackfly_fisheye_bags/intrinsics/imgs2/frame0004.jpg",
    "/home/gilbertogonzalez/blackfly_fisheye_bags/intrinsics/imgs2/frame0006.jpg",
    "/home/gilbertogonzalez/blackfly_fisheye_bags/intrinsics/imgs2/frame0009.jpg",
    "/home/gilbertogonzalez/blackfly_fisheye_bags/intrinsics/imgs2/frame0011.jpg",
    "/home/gilbertogonzalez/blackfly_fisheye_bags/intrinsics/imgs2/frame0014.jpg",
    "/home/gilbertogonzalez/blackfly_fisheye_bags/intrinsics/imgs2/frame0016.jpg",
    "/home/gilbertogonzalez/blackfly_fisheye_bags/intrinsics/imgs2/frame0019.jpg",
    "/home/gilbertogonzalez/blackfly_fisheye_bags/intrinsics/imgs2/frame0021.jpg",
    "/home/gilbertogonzalez/blackfly_fisheye_bags/intrinsics/imgs2/frame0024.jpg",
    "/home/gilbertogonzalez/blackfly_fisheye_bags/intrinsics/imgs2/frame0027.jpg",
    "/home/gilbertogonzalez/blackfly_fisheye_bags/intrinsics/imgs2/frame0030.jpg",
    "/home/gilbertogonzalez/blackfly_fisheye_bags/intrinsics/imgs2/frame0032.jpg",
    "/home/gilbertogonzalez/blackfly_fisheye_bags/intrinsics/imgs2/frame0036.jpg"
  ],
  "rvecs": [
    [
      -0.29968088730522047,
      0.17939474858780577,
      -2.990997716812084
    ],
    [
      0.9836736002359437,
      0.24480576208113825,
      -2.9520768123206356
    ],
    [
      -0.9449188892754283,
      -0.044876454217980796,
      -2.842702104311746
    ],
    [
      -0.08051605357727423,
      1.2829397317658982,
      -2.857104824240175
    ],
    [
      -0.06047880939849922,
      -1.0984508698745823,
      -2.842639900109137
    ],
    [
      1.1886087690747404,
      0.7272710723867407,
      -2.737217932612833
    ],
    [
      -1.2318544063088588,
      0.9324872217523429,
      -2.6960722996748854
    ],
    [
      0.18311319723776584,
      -1.617114122092249,
      2.680315682529493
    ],
    [
      -0.18879367714751033,
      -0.4044501492959567,
      -3.0533021069070454
    ],
    [
      -0.7920019782105424,
      -0.45988797225450473,
      -2.654029672149498
    ],
    [
      -1.4294408485245764,
      -0.04750144929383366,
      2.6086521302572945
    ],
    [
      -1.5911870463386542,
      -0.3473110001074127,
      2.473510519989043
    ],
    [
      -1.155081934289643,
      0.1988008218628583,
      -2.7558511214077743
    ]
  ],
  "tvecs": [
    [
      0.0659184539829479,
      0.041457175676741995,
      0.17613347882444608
    ],
    [
      -0.0017445934785336541,
      0.01626690568560795,
      0.2437348065318091
    ],
    [
      0.07147984471820172,
      0.038238117493615185,
      0.12868774935359303
    ],
    [
      0.07656309460951509,
      0.014860734189260233,
      0.2636827595114919
    ],
    [
      0.0755903622899277,
      0.04565251567662942,
      0.17044016339269866
    ],
    [
      -0.1532120038829388,
      -0.09104043222083313,
      0.24340680241400336
    ],
    [
      0.26276868190201474,
      -0.06977046452233752,
      0.13203111990019684
    ],
    [
      0.09144460139513409,
      -0.2567779224647718,
      0.21615888347049733
    ],
    [
      0.061406761867849165,
      0.12124116752852353,
      0.24685911450787448
    ],
    [
      0.19927709752535036,
      0.1205806371619855,
      0.11662743864812632
    ],
    [
      -0.19289804262748095,
      0.083278866780018,
      0.2375369447177408
    ],
    [
      -0.24844718387218268,
      -0.06940573438654715,
      0.22286436301657742
    ],
    [
      0.24484021071908704,
      0.03969127600992117,
      0.12317129174610068
    ]
  ],
  "reproj_err_per_image": [
    [
      "/home/gilbertogonzalez/blackfly_fisheye_bags/intrinsics/imgs2/frame0004.jpg",
      0.13675819337368011
    ],
    [
      "/home/gilbertogonzalez/blackfly_fisheye_bags/intrinsics/imgs2/frame0006.jpg",
      0.12280774116516113
    ],
    [
      "/home/gilbertogonzalez/blackfly_fisheye_bags/intrinsics/imgs2/frame0009.jpg",
      0.14407294988632202
    ],
    [
      "/home/gilbertogonzalez/blackfly_fisheye_bags/intrinsics/imgs2/frame0011.jpg",
      0.24012666940689087
    ],
    [
      "/home/gilbertogonzalez/blackfly_fisheye_bags/intrinsics/imgs2/frame0014.jpg",
      0.17715170979499817
    ],
    [
      "/home/gilbertogonzalez/blackfly_fisheye_bags/intrinsics/imgs2/frame0016.jpg",
      0.11128854006528854
    ],
    [
      "/home/gilbertogonzalez/blackfly_fisheye_bags/intrinsics/imgs2/frame0019.jpg",
      0.11517634242773056
    ],
    [
      "/home/gilbertogonzalez/blackfly_fisheye_bags/intrinsics/imgs2/frame0021.jpg",
      0.10659855604171753
    ],
    [
      "/home/gilbertogonzalez/blackfly_fisheye_bags/intrinsics/imgs2/frame0024.jpg",
      0.11246374249458313
    ],
    [
      "/home/gilbertogonzalez/blackfly_fisheye_bags/intrinsics/imgs2/frame0027.jpg",
      0.16480083763599396
    ],
    [
      "/home/gilbertogonzalez/blackfly_fisheye_bags/intrinsics/imgs2/frame0030.jpg",
      0.08804014325141907
    ],
    [
      "/home/gilbertogonzalez/blackfly_fisheye_bags/intrinsics/imgs2/frame0032.jpg",
      0.12370229512453079
    ],
    [
      "/home/gilbertogonzalez/blackfly_fisheye_bags/intrinsics/imgs2/frame0036.jpg",
      0.13225747644901276
    ]
  ],
  "mean_reproj_err": 0.13655732572078705
}